timestamp,ch0_V_per_V,ch1_V_per_V,ch2_V_per_V,ch3_V_per_V
2026-04-20T18:47:31.625,0.00001677,0.00002516,0.00056509,0.00023816
2026-04-20T18:47:31.627,0.00001677,0.00002516,0.00056663,0.00023816
2026-04-20T18:47:31.628,0.00001677,0.00002516,0.00056663,0.00023964
2026-04-20T18:47:31.630,0.00001677,0.00002516,0.00056663,0.00023964
2026-04-20T18:47:31.631,0.00001677,0.00002571,0.00056663,0.00023964
2026-04-20T18:47:31.633,0.00001327,0.00002571,0.00056663,0.00023964
2026-04-20T18:47:31.634,0.00001327,0.00002571,0.00056672,0.00023964
2026-04-20T18:47:31.636,0.00001327,0.00002571,0.00056672,0.00023964
2026-04-20T18:47:31.637,0.00001327,0.00002571,0.00056672,0.00023927
2026-04-20T18:47:31.639,0.00001327,0.00002655,0.00056672,0.00023927
2026-04-20T18:47:31.640,0.00001311,0.00002655,0.00056672,0.00023927
2026-04-20T18:47:31.642,0.00001311,0.00002655,0.00056672,0.00023927
2026-04-20T18:47:31.643,0.00001311,0.00002655,0.00056714,0.00023927
2026-04-20T18:47:31.645,0.00001311,0.00002655,0.00056714,0.00024016
2026-04-20T18:47:31.647,0.00001311,0.00002708,0.00056714,0.00024016
2026-04-20T18:47:31.648,0.00001342,0.00002708,0.00056714,0.00024016
2026-04-20T18:47:31.650,0.00001342,0.00002708,0.00056714,0.00024016
2026-04-20T18:47:31.651,0.00001342,0.00002708,0.00056742,0.00024016
2026-04-20T18:47:31.653,0.00001342,0.00002708,0.00056742,0.00024099
2026-04-20T18:47:31.654,0.00001342,0.00002740,0.00056742,0.00024099
2026-04-20T18:47:31.656,0.00001342,0.00002740,0.00056742,0.00024099
2026-04-20T18:47:31.657,0.00001348,0.00002740,0.00056742,0.00024099
2026-04-20T18:47:31.659,0.00001348,0.00002740,0.00056799,0.00024099
2026-04-20T18:47:31.660,0.00001348,0.00002740,0.00056799,0.00024229
2026-04-20T18:47:31.662,0.00001348,0.00002740,0.00056799,0.00024229
2026-04-20T18:47:31.663,0.00001348,0.00002799,0.00056799,0.00024229
2026-04-20T18:47:31.665,0.00001335,0.00002799,0.00056799,0.00024229
2026-04-20T18:47:31.666,0.00001335,0.00002799,0.00056911,0.00024229
2026-04-20T18:47:31.668,0.00001335,0.00002799,0.00056911,0.00024229
2026-04-20T18:47:31.670,0.00001335,0.00002799,0.00056911,0.00024218
2026-04-20T18:47:31.671,0.00001335,0.00002912,0.00056911,0.00024218
2026-04-20T18:47:31.673,0.00001344,0.00002912,0.00056911,0.00024218
2026-04-20T18:47:31.674,0.00001344,0.00002912,0.00056935,0.00024218
2026-04-20T18:47:31.676,0.00001344,0.00002912,0.00056935,0.00024218
2026-04-20T18:47:31.677,0.00001344,0.00002912,0.00056935,0.00024387
2026-04-20T18:47:31.679,0.00001344,0.00003009,0.00056935,0.00024387
2026-04-20T18:47:31.680,0.00001335,0.00003009,0.00056935,0.00024387
2026-04-20T18:47:31.682,0.00001335,0.00003009,0.00056935,0.00024387
2026-04-20T18:47:31.683,0.00001335,0.00003009,0.00056940,0.00024387
2026-04-20T18:47:31.685,0.00001335,0.00003009,0.00056940,0.00024457
2026-04-20T18:47:31.686,0.00001335,0.00002976,0.00056940,0.00024457
2026-04-20T18:47:31.688,0.00001335,0.00002976,0.00056940,0.00024457
2026-04-20T18:47:31.690,0.00001320,0.00002976,0.00056940,0.00024457
2026-04-20T18:47:31.691,0.00001320,0.00002976,0.00057004,0.00024457
2026-04-20T18:47:31.693,0.00001320,0.00002976,0.00057004,0.00024631
2026-04-20T18:47:31.694,0.00001320,0.00003033,0.00057004,0.00024631
2026-04-20T18:47:31.696,0.00001320,0.00003033,0.00057004,0.00024631
2026-04-20T18:47:31.697,0.00001338,0.00003033,0.00057004,0.00024631
2026-04-20T18:47:31.699,0.00001338,0.00003033,0.00057028,0.00024631
2026-04-20T18:47:31.700,0.00001338,0.00003033,0.00057028,0.00024692
2026-04-20T18:47:31.702,0.00001338,0.00003033,0.00057028,0.00024692
2026-04-20T18:47:31.703,0.00001338,0.00003042,0.00057028,0.00024692
2026-04-20T18:47:31.705,0.00001337,0.00003042,0.00057028,0.00024692
2026-04-20T18:47:31.706,0.00001337,0.00003042,0.00057086,0.00024692
2026-04-20T18:47:31.708,0.00001337,0.00003042,0.00057086,0.00024692
2026-04-20T18:47:31.709,0.00001337,0.00003042,0.00057086,0.00024846
2026-04-20T18:47:31.711,0.00001337,0.00003184,0.00057086,0.00024846
2026-04-20T18:47:31.712,0.00001321,0.00003184,0.00057086,0.00024846
2026-04-20T18:47:31.714,0.00001321,0.00003184,0.00057124,0.00024846
2026-04-20T18:47:31.716,0.00001321,0.00003184,0.00057124,0.00024846
2026-04-20T18:47:31.717,0.00001321,0.00003184,0.00057124,0.00024922
2026-04-20T18:47:31.719,0.00001321,0.00003282,0.00057124,0.00024922
2026-04-20T18:47:31.720,0.00001338,0.00003282,0.00057124,0.00024922
2026-04-20T18:47:31.722,0.00001338,0.00003282,0.00057124,0.00024922
2026-04-20T18:47:31.723,0.00001338,0.00003282,0.00057180,0.00024922
2026-04-20T18:47:31.725,0.00001338,0.00003282,0.00057180,0.00025057
2026-04-20T18:47:31.726,0.00001338,0.00003413,0.00057180,0.00025057
2026-04-20T18:47:31.728,0.00001338,0.00003413,0.00057180,0.00025057
2026-04-20T18:47:31.729,0.00001342,0.00003413,0.00057180,0.00025057
2026-04-20T18:47:31.731,0.00001342,0.00003413,0.00057190,0.00025057
2026-04-20T18:47:31.732,0.00001342,0.00003413,0.00057190,0.00025070
2026-04-20T18:47:31.734,0.00001342,0.00003413,0.00057190,0.00025070
2026-04-20T18:47:31.735,0.00001342,0.00003434,0.00057190,0.00025070
2026-04-20T18:47:31.737,0.00001315,0.00003434,0.00057190,0.00025070
2026-04-20T18:47:31.739,0.00001315,0.00003434,0.00057185,0.00025070
2026-04-20T18:47:31.740,0.00001315,0.00003434,0.00057185,0.00025070
2026-04-20T18:47:31.742,0.00001315,0.00003434,0.00057185,0.00025255
2026-04-20T18:47:31.743,0.00001315,0.00003461,0.00057185,0.00025255
2026-04-20T18:47:31.745,0.00001332,0.00003461,0.00057185,0.00025255
2026-04-20T18:47:31.746,0.00001332,0.00003461,0.00057188,0.00025255
2026-04-20T18:47:31.748,0.00001332,0.00003461,0.00057188,0.00025255
2026-04-20T18:47:31.749,0.00001332,0.00003461,0.00057188,0.00025331
2026-04-20T18:47:31.751,0.00001332,0.00003568,0.00057188,0.00025331
2026-04-20T18:47:31.752,0.00001313,0.00003568,0.00057188,0.00025331
2026-04-20T18:47:31.754,0.00001313,0.00003568,0.00057188,0.00025331
2026-04-20T18:47:31.755,0.00001313,0.00003568,0.00057221,0.00025331
2026-04-20T18:47:31.757,0.00001313,0.00003568,0.00057221,0.00025493
2026-04-20T18:47:31.758,0.00001313,0.00003708,0.00057221,0.00025493
2026-04-20T18:47:31.760,0.00001313,0.00003708,0.00057221,0.00025493
2026-04-20T18:47:31.761,0.00001916,0.00003708,0.00057221,0.00025493
2026-04-20T18:47:31.763,0.00001916,0.00003708,0.00057191,0.00025493
2026-04-20T18:47:31.765,0.00001916,0.00003708,0.00057191,0.00025539
2026-04-20T18:47:31.766,0.00001916,0.00003794,0.00057191,0.00025539
2026-04-20T18:47:31.768,0.00001916,0.00003794,0.00057191,0.00025539
2026-04-20T18:47:31.769,0.00005647,0.00003794,0.00057191,0.00025539
2026-04-20T18:47:31.771,0.00005647,0.00003794,0.00057172,0.00025539
2026-04-20T18:47:31.772,0.00005647,0.00003794,0.00057172,0.00025599
2026-04-20T18:47:31.774,0.00005647,0.00003794,0.00057172,0.00025599
2026-04-20T18:47:31.775,0.00005647,0.00003915,0.00057172,0.00025599
2026-04-20T18:47:31.777,0.00008028,0.00003915,0.00057172,0.00025599
2026-04-20T18:47:31.778,0.00008028,0.00003915,0.00057167,0.00025599
2026-04-20T18:47:31.780,0.00008028,0.00003915,0.00057167,0.00025599
2026-04-20T18:47:31.781,0.00008028,0.00003915,0.00057167,0.00025588
2026-04-20T18:47:31.783,0.00008028,0.00003963,0.00057167,0.00025588
2026-04-20T18:47:31.784,0.00004446,0.00003963,0.00057167,0.00025588
2026-04-20T18:47:31.786,0.00004446,0.00003963,0.00057143,0.00025588
2026-04-20T18:47:31.788,0.00004446,0.00003963,0.00057143,0.00025588
2026-04-20T18:47:31.789,0.00004446,0.00003963,0.00057143,0.00025622
2026-04-20T18:47:31.791,0.00004446,0.00004062,0.00057143,0.00025622
2026-04-20T18:47:31.792,0.00002514,0.00004062,0.00057143,0.00025622
2026-04-20T18:47:31.794,0.00002514,0.00004062,0.00057143,0.00025622
2026-04-20T18:47:31.795,0.00002514,0.00004062,0.00057186,0.00025622
2026-04-20T18:47:31.797,0.00002514,0.00004062,0.00057186,0.00025729
2026-04-20T18:47:31.798,0.00002514,0.00004178,0.00057186,0.00025729
2026-04-20T18:47:31.800,0.00002514,0.00004178,0.00057186,0.00025729
2026-04-20T18:47:31.801,0.00001590,0.00004178,0.00057186,0.00025729
2026-04-20T18:47:31.803,0.00001590,0.00004178,0.00057246,0.00025729
2026-04-20T18:47:31.804,0.00001590,0.00004178,0.00057246,0.00025697
2026-04-20T18:47:31.806,0.00001590,0.00004178,0.00057246,0.00025697
2026-04-20T18:47:31.808,0.00001590,0.00004183,0.00057246,0.00025697
2026-04-20T18:47:31.809,0.00001339,0.00004183,0.00057246,0.00025697
2026-04-20T18:47:31.811,0.00001339,0.00004183,0.00057191,0.00025697
2026-04-20T18:47:31.812,0.00001339,0.00004183,0.00057191,0.00025740
2026-04-20T18:47:31.814,0.00001339,0.00004183,0.00057191,0.00025740
2026-04-20T18:47:31.815,0.00001339,0.00004232,0.00057191,0.00025740
2026-04-20T18:47:31.817,0.00001341,0.00004232,0.00057191,0.00025740
2026-04-20T18:47:31.818,0.00001341,0.00004232,0.00057370,0.00025740
2026-04-20T18:47:31.820,0.00001341,0.00004232,0.00057370,0.00025740
2026-04-20T18:47:31.821,0.00001341,0.00004232,0.00057370,0.00025775
2026-04-20T18:47:31.823,0.00001341,0.00004277,0.00057370,0.00025775
2026-04-20T18:47:31.824,0.00001325,0.00004277,0.00057370,0.00025775
2026-04-20T18:47:31.826,0.00001325,0.00004277,0.00057361,0.00025775
2026-04-20T18:47:31.827,0.00001325,0.00004277,0.00057361,0.00025775
2026-04-20T18:47:31.829,0.00001325,0.00004277,0.00057361,0.00025786
2026-04-20T18:47:31.831,0.00001325,0.00004334,0.00057361,0.00025786
2026-04-20T18:47:31.832,0.00001325,0.00004334,0.00057361,0.00025786
2026-04-20T18:47:31.834,0.00001336,0.00004334,0.00057361,0.00025786
2026-04-20T18:47:31.835,0.00001336,0.00004334,0.00057383,0.00025786
2026-04-20T18:47:31.837,0.00001336,0.00004334,0.00057383,0.00025810
2026-04-20T18:47:31.838,0.00001336,0.00004380,0.00057383,0.00025810
2026-04-20T18:47:31.840,0.00001336,0.00004380,0.00057383,0.00025810
2026-04-20T18:47:31.841,0.00001308,0.00004380,0.00057383,0.00025810
2026-04-20T18:47:31.843,0.00001308,0.00004380,0.00057404,0.00025810
2026-04-20T18:47:31.844,0.00001308,0.00004380,0.00057404,0.00025879
2026-04-20T18:47:31.846,0.00001308,0.00004380,0.00057404,0.00025879
2026-04-20T18:47:31.847,0.00001308,0.00004485,0.00057404,0.00025879
2026-04-20T18:47:31.849,0.00001334,0.00004485,0.00057404,0.00025879
2026-04-20T18:47:31.850,0.00001334,0.00004485,0.00057518,0.00025879
2026-04-20T18:47:31.852,0.00001334,0.00004485,0.00057518,0.00025879
2026-04-20T18:47:31.853,0.00001334,0.00004485,0.00057518,0.00025935
2026-04-20T18:47:31.855,0.00001334,0.00004470,0.00057518,0.00025935
2026-04-20T18:47:31.857,0.00001349,0.00004470,0.00057518,0.00025935
2026-04-20T18:47:31.858,0.00001349,0.00004470,0.00057708,0.00025935
2026-04-20T18:47:31.860,0.00001349,0.00004470,0.00057708,0.00025935
2026-04-20T18:47:31.861,0.00001349,0.00004470,0.00057708,0.00026004
2026-04-20T18:47:31.863,0.00001349,0.00004469,0.00057708,0.00026004
2026-04-20T18:47:31.864,0.00001317,0.00004469,0.00057708,0.00026004
2026-04-20T18:47:31.866,0.00001317,0.00004469,0.00057708,0.00026004
2026-04-20T18:47:31.867,0.00001317,0.00004469,0.00057801,0.00026004
2026-04-20T18:47:31.869,0.00001317,0.00004469,0.00057801,0.00025984
2026-04-20T18:47:31.870,0.00001317,0.00004462,0.00057801,0.00025984
2026-04-20T18:47:31.872,0.00001317,0.00004462,0.00057801,0.00025984
2026-04-20T18:47:31.873,0.00001317,0.00004462,0.00057801,0.00025984
2026-04-20T18:47:31.875,0.00001317,0.00004462,0.00057944,0.00025984
2026-04-20T18:47:31.876,0.00001317,0.00004462,0.00057944,0.00026124
2026-04-20T18:47:31.878,0.00001317,0.00004462,0.00057944,0.00026124
2026-04-20T18:47:31.879,0.00001317,0.00004504,0.00057944,0.00026124
2026-04-20T18:47:31.881,0.00001321,0.00004504,0.00057944,0.00026124
2026-04-20T18:47:31.882,0.00001321,0.00004504,0.00058146,0.00026124
2026-04-20T18:47:31.884,0.00001321,0.00004504,0.00058146,0.00026124
2026-04-20T18:47:31.886,0.00001321,0.00004504,0.00058146,0.00026073
2026-04-20T18:47:31.887,0.00001321,0.00004522,0.00058146,0.00026073
2026-04-20T18:47:31.889,0.00001323,0.00004522,0.00058146,0.00026073
2026-04-20T18:47:31.890,0.00001323,0.00004522,0.00058131,0.00026073
2026-04-20T18:47:31.892,0.00001323,0.00004522,0.00058131,0.00026073
2026-04-20T18:47:31.893,0.00001323,0.00004522,0.00058131,0.00026129
2026-04-20T18:47:31.895,0.00001323,0.00004633,0.00058131,0.00026129
2026-04-20T18:47:31.896,0.00001341,0.00004633,0.00058131,0.00026129
2026-04-20T18:47:31.898,0.00001341,0.00004633,0.00058131,0.00026129
2026-04-20T18:47:31.899,0.00001341,0.00004633,0.00058132,0.00026129
2026-04-20T18:47:31.901,0.00001341,0.00004633,0.00058132,0.00026126
2026-04-20T18:47:31.902,0.00001341,0.00004652,0.00058132,0.00026126
2026-04-20T18:47:31.904,0.00001341,0.00004652,0.00058132,0.00026126
2026-04-20T18:47:31.905,0.00001287,0.00004652,0.00058132,0.00026126
2026-04-20T18:47:31.907,0.00001287,0.00004652,0.00058136,0.00026126
2026-04-20T18:47:31.909,0.00001287,0.00004652,0.00058136,0.00026170
2026-04-20T18:47:31.910,0.00001287,0.00004800,0.00058136,0.00026170
2026-04-20T18:47:31.912,0.00001287,0.00004800,0.00058136,0.00026170
2026-04-20T18:47:31.913,0.00001335,0.00004800,0.00058136,0.00026170
2026-04-20T18:47:31.915,0.00001335,0.00004800,0.00058247,0.00026170
2026-04-20T18:47:31.916,0.00001335,0.00004800,0.00058247,0.00026183
2026-04-20T18:47:31.918,0.00001335,0.00004800,0.00058247,0.00026183
2026-04-20T18:47:31.919,0.00001335,0.00004780,0.00058247,0.00026183
2026-04-20T18:47:31.921,0.00001304,0.00004780,0.00058247,0.00026183
2026-04-20T18:47:31.922,0.00001304,0.00004780,0.00058255,0.00026183
2026-04-20T18:47:31.924,0.00001304,0.00004780,0.00058255,0.00026183
2026-04-20T18:47:31.925,0.00001304,0.00004780,0.00058255,0.00026253
2026-04-20T18:47:31.927,0.00001304,0.00004822,0.00058255,0.00026253
2026-04-20T18:47:31.928,0.00001358,0.00004822,0.00058255,0.00026253
2026-04-20T18:47:31.930,0.00001358,0.00004822,0.00058273,0.00026253
2026-04-20T18:47:31.932,0.00001358,0.00004822,0.00058273,0.00026253
2026-04-20T18:47:31.933,0.00001358,0.00004822,0.00058273,0.00026194
2026-04-20T18:47:31.935,0.00001358,0.00004863,0.00058273,0.00026194
2026-04-20T18:47:31.936,0.00002666,0.00004863,0.00058273,0.00026194
2026-04-20T18:47:31.938,0.00002666,0.00004863,0.00058273,0.00026194
2026-04-20T18:47:31.939,0.00002666,0.00004863,0.00058397,0.00026194
2026-04-20T18:47:31.941,0.00002666,0.00004863,0.00058397,0.00026331
2026-04-20T18:47:31.942,0.00002666,0.00004879,0.00058397,0.00026331
2026-04-20T18:47:31.944,0.00002666,0.00004879,0.00058397,0.00026331
2026-04-20T18:47:31.945,0.00005814,0.00004879,0.00058397,0.00026331
2026-04-20T18:47:31.947,0.00005814,0.00004879,0.00058391,0.00026331
2026-04-20T18:47:31.949,0.00005814,0.00004879,0.00058391,0.00026251
2026-04-20T18:47:31.950,0.00005814,0.00004853,0.00058391,0.00026251
2026-04-20T18:47:31.952,0.00005814,0.00004853,0.00058391,0.00026251
2026-04-20T18:47:31.953,0.00007313,0.00004853,0.00058391,0.00026251
2026-04-20T18:47:31.955,0.00007313,0.00004853,0.00058548,0.00026251
2026-04-20T18:47:31.956,0.00007313,0.00004853,0.00058548,0.00026280
2026-04-20T18:47:31.958,0.00007313,0.00004853,0.00058548,0.00026280
2026-04-20T18:47:31.959,0.00007313,0.00004898,0.00058548,0.00026280
2026-04-20T18:47:31.961,0.00004160,0.00004898,0.00058548,0.00026280
2026-04-20T18:47:31.962,0.00004160,0.00004898,0.00058524,0.00026280
2026-04-20T18:47:31.964,0.00004160,0.00004898,0.00058524,0.00026280
2026-04-20T18:47:31.965,0.00004160,0.00004898,0.00058524,0.00026273
2026-04-20T18:47:31.967,0.00004160,0.00004996,0.00058524,0.00026273
2026-04-20T18:47:31.969,0.00002631,0.00004996,0.00058524,0.00026273
2026-04-20T18:47:31.970,0.00002631,0.00004996,0.00058717,0.00026273
2026-04-20T18:47:31.972,0.00002631,0.00004996,0.00058717,0.00026273
2026-04-20T18:47:31.973,0.00002631,0.00004996,0.00058717,0.00026356
2026-04-20T18:47:31.975,0.00002631,0.00005116,0.00058717,0.00026356
2026-04-20T18:47:31.976,0.00001766,0.00005116,0.00058717,0.00026356
2026-04-20T18:47:31.978,0.00001766,0.00005116,0.00058717,0.00026356
2026-04-20T18:47:31.979,0.00001766,0.00005116,0.00058807,0.00026356
2026-04-20T18:47:31.981,0.00001766,0.00005116,0.00058807,0.00026433
2026-04-20T18:47:31.982,0.00001766,0.00005189,0.00058807,0.00026433
2026-04-20T18:47:31.984,0.00001766,0.00005189,0.00058807,0.00026433
2026-04-20T18:47:31.985,0.00001429,0.00005189,0.00058807,0.00026433
2026-04-20T18:47:31.987,0.00001429,0.00005189,0.00058973,0.00026433
2026-04-20T18:47:31.989,0.00001429,0.00005189,0.00058973,0.00026482
2026-04-20T18:47:31.990,0.00001429,0.00005189,0.00058973,0.00026482
2026-04-20T18:47:31.992,0.00001429,0.00005220,0.00058973,0.00026482
2026-04-20T18:47:31.993,0.00001333,0.00005220,0.00058973,0.00026482
2026-04-20T18:47:31.995,0.00001333,0.00005220,0.00059002,0.00026482
2026-04-20T18:47:31.996,0.00001333,0.00005220,0.00059002,0.00026527
2026-04-20T18:47:31.998,0.00001333,0.00005220,0.00059002,0.00026527
2026-04-20T18:47:31.999,0.00001333,0.00005218,0.00059002,0.00026527
2026-04-20T18:47:32.001,0.00001338,0.00005218,0.00059002,0.00026527
2026-04-20T18:47:32.002,0.00001338,0.00005218,0.00059121,0.00026527
2026-04-20T18:47:32.004,0.00001338,0.00005218,0.00059121,0.00026527
2026-04-20T18:47:32.005,0.00001338,0.00005218,0.00059121,0.00026608
2026-04-20T18:47:32.007,0.00001338,0.00005226,0.00059121,0.00026608
2026-04-20T18:47:32.008,0.00001349,0.00005226,0.00059121,0.00026608
2026-04-20T18:47:32.010,0.00001349,0.00005226,0.00059268,0.00026608
2026-04-20T18:47:32.011,0.00001349,0.00005226,0.00059268,0.00026608
2026-04-20T18:47:32.013,0.00001349,0.00005226,0.00059268,0.00026624
2026-04-20T18:47:32.015,0.00001349,0.00005255,0.00059268,0.00026624
2026-04-20T18:47:32.016,0.00001349,0.00005255,0.00059268,0.00026624
2026-04-20T18:47:32.018,0.00001331,0.00005255,0.00059268,0.00026624
2026-04-20T18:47:32.019,0.00001331,0.00005255,0.00059358,0.00026624
2026-04-20T18:47:32.021,0.00001331,0.00005255,0.00059358,0.00026573
2026-04-20T18:47:32.022,0.00001331,0.00005361,0.00059358,0.00026573
2026-04-20T18:47:32.024,0.00001331,0.00005361,0.00059358,0.00026573
2026-04-20T18:47:32.025,0.00001340,0.00005361,0.00059358,0.00026573
2026-04-20T18:47:32.027,0.00001340,0.00005361,0.00059515,0.00026573
2026-04-20T18:47:32.028,0.00001340,0.00005361,0.00059515,0.00026581
2026-04-20T18:47:32.030,0.00001340,0.00005361,0.00059515,0.00026581
2026-04-20T18:47:32.031,0.00001340,0.00005374,0.00059515,0.00026581
2026-04-20T18:47:32.033,0.00001332,0.00005374,0.00059515,0.00026581
2026-04-20T18:47:32.034,0.00001332,0.00005374,0.00059676,0.00026581
2026-04-20T18:47:32.036,0.00001332,0.00005374,0.00059676,0.00026581
2026-04-20T18:47:32.038,0.00001332,0.00005374,0.00059676,0.00026559
2026-04-20T18:47:32.039,0.00001332,0.00005426,0.00059676,0.00026559
2026-04-20T18:47:32.041,0.00001306,0.00005426,0.00059676,0.00026559
2026-04-20T18:47:32.042,0.00001306,0.00005426,0.00059686,0.00026559
2026-04-20T18:47:32.044,0.00001306,0.00005426,0.00059686,0.00026559
2026-04-20T18:47:32.045,0.00001306,0.00005426,0.00059686,0.00026621
2026-04-20T18:47:32.047,0.00001306,0.00005446,0.00059686,0.00026621
2026-04-20T18:47:32.048,0.00001323,0.00005446,0.00059686,0.00026621
2026-04-20T18:47:32.050,0.00001323,0.00005446,0.00059686,0.00026621
2026-04-20T18:47:32.051,0.00001323,0.00005446,0.00059801,0.00026621
2026-04-20T18:47:32.053,0.00001323,0.00005446,0.00059801,0.00026646
2026-04-20T18:47:32.054,0.00001323,0.00005442,0.00059801,0.00026646
2026-04-20T18:47:32.056,0.00001323,0.00005442,0.00059801,0.00026646
2026-04-20T18:47:32.057,0.00001344,0.00005442,0.00059801,0.00026646
2026-04-20T18:47:32.059,0.00001344,0.00005442,0.00059800,0.00026646
2026-04-20T18:47:32.061,0.00001344,0.00005442,0.00059800,0.00026667
2026-04-20T18:47:32.062,0.00001344,0.00005501,0.00059800,0.00026667
2026-04-20T18:47:32.064,0.00001344,0.00005501,0.00059800,0.00026667
2026-04-20T18:47:32.065,0.00001348,0.00005501,0.00059800,0.00026667
2026-04-20T18:47:32.067,0.00001348,0.00005501,0.00059789,0.00026667
2026-04-20T18:47:32.068,0.00001348,0.00005501,0.00059789,0.00026617
2026-04-20T18:47:32.070,0.00001348,0.00005501,0.00059789,0.00026617
2026-04-20T18:47:32.071,0.00001348,0.00005508,0.00059789,0.00026617
2026-04-20T18:47:32.073,0.00001314,0.00005508,0.00059789,0.00026617
2026-04-20T18:47:32.075,0.00001314,0.00005508,0.00059838,0.00026617
2026-04-20T18:47:32.076,0.00001314,0.00005508,0.00059838,0.00026663
2026-04-20T18:47:32.078,0.00001314,0.00005508,0.00059838,0.00026663
2026-04-20T18:47:32.079,0.00001314,0.00005563,0.00059838,0.00026663
2026-04-20T18:47:32.081,0.00001353,0.00005563,0.00059838,0.00026663
2026-04-20T18:47:32.082,0.00001353,0.00005563,0.00059950,0.00026663
2026-04-20T18:47:32.084,0.00001353,0.00005563,0.00059950,0.00026663
2026-04-20T18:47:32.085,0.00001353,0.00005563,0.00059950,0.00026654
2026-04-20T18:47:32.087,0.00001353,0.00005548,0.00059950,0.00026654
2026-04-20T18:47:32.088,0.00001324,0.00005548,0.00059950,0.00026654
2026-04-20T18:47:32.090,0.00001324,0.00005548,0.00059950,0.00026654
2026-04-20T18:47:32.091,0.00001324,0.00005548,0.00060089,0.00026654
2026-04-20T18:47:32.093,0.00001324,0.00005548,0.00060089,0.00026807
2026-04-20T18:47:32.095,0.00001324,0.00005576,0.00060089,0.00026807
2026-04-20T18:47:32.096,0.00001325,0.00005576,0.00060089,0.00026807
2026-04-20T18:47:32.098,0.00001325,0.00005576,0.00060089,0.00026807
2026-04-20T18:47:32.099,0.00001325,0.00005576,0.00060219,0.00026807
2026-04-20T18:47:32.101,0.00001325,0.00005576,0.00060219,0.00026783
2026-04-20T18:47:32.102,0.00001325,0.00005706,0.00060219,0.00026783
2026-04-20T18:47:32.104,0.00001325,0.00005706,0.00060219,0.00026783
2026-04-20T18:47:32.105,0.00002350,0.00005706,0.00060219,0.00026783
2026-04-20T18:47:32.107,0.00002350,0.00005706,0.00060208,0.00026783
2026-04-20T18:47:32.108,0.00002350,0.00005706,0.00060208,0.00026949
2026-04-20T18:47:32.110,0.00002350,0.00005706,0.00060208,0.00026949
2026-04-20T18:47:32.111,0.00002350,0.00005868,0.00060208,0.00026949
2026-04-20T18:47:32.113,0.00005720,0.00005868,0.00060208,0.00026949
2026-04-20T18:47:32.114,0.00005720,0.00005868,0.00060350,0.00026949
2026-04-20T18:47:32.116,0.00005720,0.00005868,0.00060350,0.00026949
2026-04-20T18:47:32.118,0.00005720,0.00005868,0.00060350,0.00026876
2026-04-20T18:47:32.119,0.00005720,0.00005851,0.00060350,0.00026876
2026-04-20T18:47:32.121,0.00008064,0.00005851,0.00060350,0.00026876
2026-04-20T18:47:32.122,0.00008064,0.00005851,0.00060516,0.00026876
2026-04-20T18:47:32.124,0.00008064,0.00005851,0.00060516,0.00026876
2026-04-20T18:47:32.125,0.00008064,0.00005851,0.00060516,0.00026933
2026-04-20T18:47:32.127,0.00008064,0.00006025,0.00060516,0.00026933
2026-04-20T18:47:32.128,0.00004138,0.00006025,0.00060516,0.00026933
2026-04-20T18:47:32.130,0.00004138,0.00006025,0.00060516,0.00026933
2026-04-20T18:47:32.131,0.00004138,0.00006025,0.00060641,0.00026933
2026-04-20T18:47:32.133,0.00004138,0.00006025,0.00060641,0.00026963
2026-04-20T18:47:32.134,0.00004138,0.00006022,0.00060641,0.00026963
2026-04-20T18:47:32.136,0.00004138,0.00006022,0.00060641,0.00026963
2026-04-20T18:47:32.138,0.00002571,0.00006022,0.00060641,0.00026963
2026-04-20T18:47:32.139,0.00002571,0.00006022,0.00060785,0.00026963
2026-04-20T18:47:32.141,0.00002571,0.00006022,0.00060785,0.00027016
2026-04-20T18:47:32.142,0.00002571,0.00006021,0.00060785,0.00027016
2026-04-20T18:47:32.144,0.00002571,0.00006021,0.00060785,0.00027016
2026-04-20T18:47:32.145,0.00001735,0.00006021,0.00060785,0.00027016
2026-04-20T18:47:32.147,0.00001735,0.00006021,0.00060851,0.00027016
2026-04-20T18:47:32.148,0.00001735,0.00006021,0.00060851,0.00026939
2026-04-20T18:47:32.150,0.00001735,0.00006021,0.00060851,0.00026939
2026-04-20T18:47:32.151,0.00001735,0.00006111,0.00060851,0.00026939
2026-04-20T18:47:32.153,0.00001453,0.00006111,0.00060851,0.00026939
2026-04-20T18:47:32.155,0.00001453,0.00006111,0.00060908,0.00026939
2026-04-20T18:47:32.156,0.00001453,0.00006111,0.00060908,0.00026939
2026-04-20T18:47:32.158,0.00001453,0.00006111,0.00060908,0.00026961
2026-04-20T18:47:32.159,0.00001453,0.00006108,0.00060908,0.00026961
2026-04-20T18:47:32.161,0.00001337,0.00006108,0.00060908,0.00026961
2026-04-20T18:47:32.162,0.00001337,0.00006108,0.00060942,0.00026961
2026-04-20T18:47:32.164,0.00001337,0.00006108,0.00060942,0.00026961
2026-04-20T18:47:32.165,0.00001337,0.00006108,0.00060942,0.00026934
2026-04-20T18:47:32.167,0.00001337,0.00006089,0.00060942,0.00026934
2026-04-20T18:47:32.168,0.00001309,0.00006089,0.00060942,0.00026934
2026-04-20T18:47:32.170,0.00001309,0.00006089,0.00060942,0.00026934
2026-04-20T18:47:32.171,0.00001309,0.00006089,0.00061066,0.00026934
2026-04-20T18:47:32.173,0.00001309,0.00006089,0.00061066,0.00026998
2026-04-20T18:47:32.174,0.00001309,0.00006100,0.00061066,0.00026998
2026-04-20T18:47:32.176,0.00001309,0.00006100,0.00061066,0.00026998
2026-04-20T18:47:32.178,0.00001344,0.00006100,0.00061066,0.00026998
2026-04-20T18:47:32.179,0.00001344,0.00006100,0.00061208,0.00026998
2026-04-20T18:47:32.181,0.00001344,0.00006100,0.00061208,0.00026979
2026-04-20T18:47:32.182,0.00001344,0.00006093,0.00061208,0.00026979
2026-04-20T18:47:32.184,0.00001344,0.00006093,0.00061208,0.00026979
2026-04-20T18:47:32.185,0.00001367,0.00006093,0.00061208,0.00026979
2026-04-20T18:47:32.187,0.00001367,0.00006093,0.00061248,0.00026979
2026-04-20T18:47:32.188,0.00001367,0.00006093,0.00061248,0.00026978
2026-04-20T18:47:32.190,0.00001367,0.00006093,0.00061248,0.00026978
2026-04-20T18:47:32.191,0.00001367,0.00006110,0.00061248,0.00026978
2026-04-20T18:47:32.193,0.00001304,0.00006110,0.00061248,0.00026978
2026-04-20T18:47:32.194,0.00001304,0.00006110,0.00061302,0.00026978
2026-04-20T18:47:32.196,0.00001304,0.00006110,0.00061302,0.00026978
2026-04-20T18:47:32.198,0.00001304,0.00006110,0.00061302,0.00026960
2026-04-20T18:47:32.199,0.00001304,0.00006104,0.00061302,0.00026960
2026-04-20T18:47:32.201,0.00001375,0.00006104,0.00061302,0.00026960
2026-04-20T18:47:32.202,0.00001375,0.00006104,0.00061401,0.00026960
2026-04-20T18:47:32.204,0.00001375,0.00006104,0.00061401,0.00026960
2026-04-20T18:47:32.205,0.00001375,0.00006104,0.00061401,0.00027011
2026-04-20T18:47:32.207,0.00001375,0.00006096,0.00061401,0.00027011
2026-04-20T18:47:32.208,0.00001343,0.00006096,0.00061401,0.00027011
2026-04-20T18:47:32.210,0.00001343,0.00006096,0.00061401,0.00027011
2026-04-20T18:47:32.211,0.00001343,0.00006096,0.00061571,0.00027011
2026-04-20T18:47:32.213,0.00001343,0.00006096,0.00061571,0.00026992
2026-04-20T18:47:32.214,0.00001343,0.00006120,0.00061571,0.00026992
2026-04-20T18:47:32.216,0.00001343,0.00006120,0.00061571,0.00026992
2026-04-20T18:47:32.218,0.00001307,0.00006120,0.00061571,0.00026992
2026-04-20T18:47:32.219,0.00001307,0.00006120,0.00061706,0.00026992
2026-04-20T18:47:32.221,0.00001307,0.00006120,0.00061706,0.00026919
2026-04-20T18:47:32.222,0.00001307,0.00006127,0.00061706,0.00026919
2026-04-20T18:47:32.224,0.00001307,0.00006127,0.00061706,0.00026919
2026-04-20T18:47:32.225,0.00001312,0.00006127,0.00061706,0.00026919
2026-04-20T18:47:32.227,0.00001312,0.00006127,0.00061789,0.00026919
2026-04-20T18:47:32.228,0.00001312,0.00006127,0.00061789,0.00026914
2026-04-20T18:47:32.230,0.00001312,0.00006127,0.00061789,0.00026914
2026-04-20T18:47:32.231,0.00001312,0.00006261,0.00061789,0.00026914
2026-04-20T18:47:32.233,0.00001339,0.00006261,0.00061789,0.00026914
2026-04-20T18:47:32.234,0.00001339,0.00006261,0.00061839,0.00026914
2026-04-20T18:47:32.236,0.00001339,0.00006261,0.00061839,0.00026914
2026-04-20T18:47:32.238,0.00001339,0.00006261,0.00061839,0.00026912
2026-04-20T18:47:32.239,0.00001339,0.00006361,0.00061839,0.00026912
2026-04-20T18:47:32.241,0.00001323,0.00006361,0.00061839,0.00026912
2026-04-20T18:47:32.242,0.00001323,0.00006361,0.00061951,0.00026912
2026-04-20T18:47:32.244,0.00001323,0.00006361,0.00061951,0.00026912
2026-04-20T18:47:32.245,0.00001323,0.00006361,0.00061951,0.00026940
2026-04-20T18:47:32.247,0.00001323,0.00006540,0.00061951,0.00026940
2026-04-20T18:47:32.248,0.00001327,0.00006540,0.00061951,0.00026940
2026-04-20T18:47:32.250,0.00001327,0.00006540,0.00061951,0.00026940
2026-04-20T18:47:32.251,0.00001327,0.00006540,0.00062019,0.00026940
2026-04-20T18:47:32.253,0.00001327,0.00006540,0.00062019,0.00026936
2026-04-20T18:47:32.254,0.00001327,0.00006681,0.00062019,0.00026936
2026-04-20T18:47:32.256,0.00001327,0.00006681,0.00062019,0.00026936
2026-04-20T18:47:32.257,0.00001320,0.00006681,0.00062019,0.00026936
2026-04-20T18:47:32.259,0.00001320,0.00006681,0.00062131,0.00026936
2026-04-20T18:47:32.261,0.00001320,0.00006681,0.00062131,0.00026962
2026-04-20T18:47:32.262,0.00001320,0.00006712,0.00062131,0.00026962
2026-04-20T18:47:32.264,0.00001320,0.00006712,0.00062131,0.00026962
2026-04-20T18:47:32.265,0.00001332,0.00006712,0.00062131,0.00026962
2026-04-20T18:47:32.267,0.00001332,0.00006712,0.00062166,0.00026962
2026-04-20T18:47:32.268,0.00001332,0.00006712,0.00062166,0.00026933
2026-04-20T18:47:32.270,0.00001332,0.00006712,0.00062166,0.00026933
2026-04-20T18:47:32.271,0.00001332,0.00006841,0.00062166,0.00026933
2026-04-20T18:47:32.273,0.00001347,0.00006841,0.00062166,0.00026933
2026-04-20T18:47:32.274,0.00001347,0.00006841,0.00062226,0.00026933
2026-04-20T18:47:32.276,0.00001347,0.00006841,0.00062226,0.00026933
2026-04-20T18:47:32.277,0.00001347,0.00006841,0.00062226,0.00027044
2026-04-20T18:47:32.279,0.00001347,0.00006992,0.00062226,0.00027044
2026-04-20T18:47:32.280,0.00001330,0.00006992,0.00062226,0.00027044
2026-04-20T18:47:32.282,0.00001330,0.00006992,0.00062285,0.00027044
2026-04-20T18:47:32.283,0.00001330,0.00006992,0.00062285,0.00027044
2026-04-20T18:47:32.285,0.00001330,0.00006992,0.00062285,0.00026994
2026-04-20T18:47:32.287,0.00001330,0.00007096,0.00062285,0.00026994
2026-04-20T18:47:32.288,0.00001990,0.00007096,0.00062285,0.00026994
2026-04-20T18:47:32.290,0.00001990,0.00007096,0.00062285,0.00026994
2026-04-20T18:47:32.291,0.00001990,0.00007096,0.00062309,0.00026994
2026-04-20T18:47:32.293,0.00001990,0.00007096,0.00062309,0.00027024
2026-04-20T18:47:32.294,0.00001990,0.00007138,0.00062309,0.00027024
2026-04-20T18:47:32.296,0.00001990,0.00007138,0.00062309,0.00027024
2026-04-20T18:47:32.297,0.00004931,0.00007138,0.00062309,0.00027024
2026-04-20T18:47:32.299,0.00004931,0.00007138,0.00062302,0.00027024
2026-04-20T18:47:32.300,0.00004931,0.00007138,0.00062302,0.00027006
2026-04-20T18:47:32.302,0.00004931,0.00007138,0.00062302,0.00027006
2026-04-20T18:47:32.303,0.00004931,0.00007080,0.00062302,0.00027006
2026-04-20T18:47:32.305,0.00008128,0.00007080,0.00062302,0.00027006
2026-04-20T18:47:32.307,0.00008128,0.00007080,0.00062372,0.00027006
2026-04-20T18:47:32.308,0.00008128,0.00007080,0.00062372,0.00027101
2026-04-20T18:47:32.310,0.00008128,0.00007080,0.00062372,0.00027101
2026-04-20T18:47:32.311,0.00008128,0.00007255,0.00062372,0.00027101
2026-04-20T18:47:32.313,0.00003856,0.00007255,0.00062372,0.00027101
2026-04-20T18:47:32.314,0.00003856,0.00007255,0.00062379,0.00027101
2026-04-20T18:47:32.316,0.00003856,0.00007255,0.00062379,0.00027101
2026-04-20T18:47:32.317,0.00003856,0.00007255,0.00062379,0.00027088
2026-04-20T18:47:32.319,0.00003856,0.00007268,0.00062379,0.00027088
2026-04-20T18:47:32.320,0.00002335,0.00007268,0.00062379,0.00027088
2026-04-20T18:47:32.322,0.00002335,0.00007268,0.00062379,0.00027088
2026-04-20T18:47:32.323,0.00002335,0.00007268,0.00062365,0.00027088
2026-04-20T18:47:32.325,0.00002335,0.00007268,0.00062365,0.00027190
2026-04-20T18:47:32.326,0.00002335,0.00007421,0.00062365,0.00027190
2026-04-20T18:47:32.328,0.00002335,0.00007421,0.00062365,0.00027190
2026-04-20T18:47:32.329,0.00001507,0.00007421,0.00062365,0.00027190
2026-04-20T18:47:32.331,0.00001507,0.00007421,0.00062392,0.00027190
2026-04-20T18:47:32.333,0.00001507,0.00007421,0.00062392,0.00027260
2026-04-20T18:47:32.334,0.00001507,0.00007427,0.00062392,0.00027260
2026-04-20T18:47:32.336,0.00001507,0.00007427,0.00062392,0.00027260
2026-04-20T18:47:32.337,0.00001371,0.00007427,0.00062392,0.00027260
2026-04-20T18:47:32.339,0.00001371,0.00007427,0.00062377,0.00027260
2026-04-20T18:47:32.340,0.00001371,0.00007427,0.00062377,0.00027334
2026-04-20T18:47:32.342,0.00001371,0.00007427,0.00062377,0.00027334
2026-04-20T18:47:32.343,0.00001371,0.00007547,0.00062377,0.00027334
2026-04-20T18:47:32.345,0.00001311,0.00007547,0.00062377,0.00027334
2026-04-20T18:47:32.346,0.00001311,0.00007547,0.00062432,0.00027334
2026-04-20T18:47:32.348,0.00001311,0.00007547,0.00062432,0.00027334
2026-04-20T18:47:32.349,0.00001311,0.00007547,0.00062432,0.00027415
2026-04-20T18:47:32.351,0.00001311,0.00007715,0.00062432,0.00027415
2026-04-20T18:47:32.352,0.00001307,0.00007715,0.00062432,0.00027415
2026-04-20T18:47:32.354,0.00001307,0.00007715,0.00062536,0.00027415
2026-04-20T18:47:32.356,0.00001307,0.00007715,0.00062536,0.00027415
2026-04-20T18:47:32.357,0.00001307,0.00007715,0.00062536,0.00027584
2026-04-20T18:47:32.359,0.00001307,0.00007722,0.00062536,0.00027584
2026-04-20T18:47:32.360,0.00001336,0.00007722,0.00062536,0.00027584
2026-04-20T18:47:32.362,0.00001336,0.00007722,0.00062536,0.00027584
2026-04-20T18:47:32.363,0.00001336,0.00007722,0.00062643,0.00027584
2026-04-20T18:47:32.365,0.00001336,0.00007722,0.00062643,0.00027511
2026-04-20T18:47:32.366,0.00001336,0.00007696,0.00062643,0.00027511
2026-04-20T18:47:32.368,0.00001336,0.00007696,0.00062643,0.00027511
2026-04-20T18:47:32.369,0.00001293,0.00007696,0.00062643,0.00027511
2026-04-20T18:47:32.371,0.00001293,0.00007696,0.00062656,0.00027511
2026-04-20T18:47:32.372,0.00001293,0.00007696,0.00062656,0.00027751
2026-04-20T18:47:32.374,0.00001293,0.00007696,0.00062656,0.00027751
2026-04-20T18:47:32.375,0.00001293,0.00007864,0.00062656,0.00027751
2026-04-20T18:47:32.377,0.00001334,0.00007864,0.00062656,0.00027751
2026-04-20T18:47:32.379,0.00001334,0.00007864,0.00062683,0.00027751
2026-04-20T18:47:32.380,0.00001334,0.00007864,0.00062683,0.00027677
2026-04-20T18:47:32.382,0.00001334,0.00007864,0.00062683,0.00027677
2026-04-20T18:47:32.383,0.00001334,0.00007979,0.00062683,0.00027677
2026-04-20T18:47:32.385,0.00001358,0.00007979,0.00062683,0.00027677
2026-04-20T18:47:32.386,0.00001358,0.00007979,0.00062774,0.00027677
2026-04-20T18:47:32.388,0.00001358,0.00007979,0.00062774,0.00027677
2026-04-20T18:47:32.389,0.00001358,0.00007979,0.00062774,0.00027708
2026-04-20T18:47:32.391,0.00001358,0.00008147,0.00062774,0.00027708
2026-04-20T18:47:32.392,0.00001313,0.00008147,0.00062774,0.00027708
2026-04-20T18:47:32.394,0.00001313,0.00008147,0.00062866,0.00027708
2026-04-20T18:47:32.396,0.00001313,0.00008147,0.00062866,0.00027708
2026-04-20T18:47:32.397,0.00001313,0.00008147,0.00062866,0.00027739
2026-04-20T18:47:32.399,0.00001313,0.00008269,0.00062866,0.00027739
2026-04-20T18:47:32.400,0.00001305,0.00008269,0.00062866,0.00027739
2026-04-20T18:47:32.402,0.00001305,0.00008269,0.00062866,0.00027739
2026-04-20T18:47:32.403,0.00001305,0.00008269,0.00062888,0.00027739
2026-04-20T18:47:32.405,0.00001305,0.00008269,0.00062888,0.00027720
2026-04-20T18:47:32.406,0.00001305,0.00008425,0.00062888,0.00027720
2026-04-20T18:47:32.408,0.00001305,0.00008425,0.00062888,0.00027720
2026-04-20T18:47:32.409,0.00001339,0.00008425,0.00062888,0.00027720
2026-04-20T18:47:32.411,0.00001339,0.00008425,0.00062962,0.00027720
2026-04-20T18:47:32.412,0.00001339,0.00008425,0.00062962,0.00027680
2026-04-20T18:47:32.414,0.00001339,0.00008425,0.00062962,0.00027680
2026-04-20T18:47:32.415,0.00001339,0.00008506,0.00062962,0.00027680
2026-04-20T18:47:32.417,0.00001318,0.00008506,0.00062962,0.00027680
2026-04-20T18:47:32.419,0.00001318,0.00008506,0.00063009,0.00027680
2026-04-20T18:47:32.420,0.00001318,0.00008506,0.00063009,0.00027654
2026-04-20T18:47:32.422,0.00001318,0.00008506,0.00063009,0.00027654
2026-04-20T18:47:32.423,0.00001318,0.00008618,0.00063009,0.00027654
2026-04-20T18:47:32.425,0.00001322,0.00008618,0.00063009,0.00027654
2026-04-20T18:47:32.426,0.00001322,0.00008618,0.00063127,0.00027654
2026-04-20T18:47:32.428,0.00001322,0.00008618,0.00063127,0.00027654
2026-04-20T18:47:32.429,0.00001322,0.00008618,0.00063127,0.00027690
2026-04-20T18:47:32.431,0.00001322,0.00008798,0.00063127,0.00027690
2026-04-20T18:47:32.432,0.00001300,0.00008798,0.00063127,0.00027690
2026-04-20T18:47:32.434,0.00001300,0.00008798,0.00063127,0.00027690
2026-04-20T18:47:32.435,0.00001300,0.00008798,0.00063156,0.00027690
2026-04-20T18:47:32.437,0.00001300,0.00008798,0.00063156,0.00027671
2026-04-20T18:47:32.438,0.00001300,0.00008897,0.00063156,0.00027671
2026-04-20T18:47:32.440,0.00001300,0.00008897,0.00063156,0.00027671
2026-04-20T18:47:32.442,0.00001292,0.00008897,0.00063156,0.00027671
2026-04-20T18:47:32.443,0.00001292,0.00008897,0.00063165,0.00027671
2026-04-20T18:47:32.445,0.00001292,0.00008897,0.00063165,0.00027682
2026-04-20T18:47:32.446,0.00001292,0.00009005,0.00063165,0.00027682
2026-04-20T18:47:32.448,0.00001292,0.00009005,0.00063165,0.00027682
2026-04-20T18:47:32.449,0.00001324,0.00009005,0.00063165,0.00027682
2026-04-20T18:47:32.451,0.00001324,0.00009005,0.00063166,0.00027682
2026-04-20T18:47:32.452,0.00001324,0.00009005,0.00063166,0.00027583
2026-04-20T18:47:32.454,0.00001324,0.00009005,0.00063166,0.00027583
2026-04-20T18:47:32.455,0.00001324,0.00009066,0.00063166,0.00027583
2026-04-20T18:47:32.457,0.00001321,0.00009066,0.00063166,0.00027583
2026-04-20T18:47:32.458,0.00001321,0.00009066,0.00063173,0.00027583
2026-04-20T18:47:32.460,0.00001321,0.00009066,0.00063173,0.00027583
2026-04-20T18:47:32.461,0.00001321,0.00009066,0.00063173,0.00027643
2026-04-20T18:47:32.463,0.00001321,0.00009188,0.00063173,0.00027643
2026-04-20T18:47:32.464,0.00001328,0.00009188,0.00063173,0.00027643
2026-04-20T18:47:32.466,0.00001328,0.00009188,0.00063193,0.00027643
2026-04-20T18:47:32.468,0.00001328,0.00009188,0.00063193,0.00027643
2026-04-20T18:47:32.469,0.00001328,0.00009188,0.00063193,0.00027632
2026-04-20T18:47:32.471,0.00001328,0.00009162,0.00063193,0.00027632
2026-04-20T18:47:32.472,0.00002350,0.00009162,0.00063193,0.00027632
2026-04-20T18:47:32.474,0.00002350,0.00009162,0.00063193,0.00027632
2026-04-20T18:47:32.475,0.00002350,0.00009162,0.00063191,0.00027632
2026-04-20T18:47:32.477,0.00002350,0.00009162,0.00063191,0.00027676
2026-04-20T18:47:32.478,0.00002350,0.00009306,0.00063191,0.00027676
2026-04-20T18:47:32.480,0.00002350,0.00009306,0.00063191,0.00027676
2026-04-20T18:47:32.481,0.00006048,0.00009306,0.00063191,0.00027676
2026-04-20T18:47:32.483,0.00006048,0.00009306,0.00063176,0.00027676
2026-04-20T18:47:32.484,0.00006048,0.00009306,0.00063176,0.00027630
2026-04-20T18:47:32.486,0.00006048,0.00009306,0.00063176,0.00027630
2026-04-20T18:47:32.488,0.00006048,0.00009360,0.00063176,0.00027630
2026-04-20T18:47:32.489,0.00007400,0.00009360,0.00063176,0.00027630
2026-04-20T18:47:32.491,0.00007400,0.00009360,0.00063257,0.00027630
2026-04-20T18:47:32.492,0.00007400,0.00009360,0.00063257,0.00027707
2026-04-20T18:47:32.494,0.00007400,0.00009360,0.00063257,0.00027707
2026-04-20T18:47:32.495,0.00007400,0.00009493,0.00063257,0.00027707
2026-04-20T18:47:32.497,0.00003352,0.00009493,0.00063257,0.00027707
2026-04-20T18:47:32.498,0.00003352,0.00009493,0.00063301,0.00027707
2026-04-20T18:47:32.500,0.00003352,0.00009493,0.00063301,0.00027707
2026-04-20T18:47:32.501,0.00003352,0.00009493,0.00063301,0.00027635
2026-04-20T18:47:32.503,0.00003352,0.00009635,0.00063301,0.00027635
2026-04-20T18:47:32.504,0.00001996,0.00009635,0.00063301,0.00027635
2026-04-20T18:47:32.506,0.00001996,0.00009635,0.00063337,0.00027635
2026-04-20T18:47:32.507,0.00001996,0.00009635,0.00063337,0.00027635
2026-04-20T18:47:32.509,0.00001996,0.00009635,0.00063337,0.00027709
2026-04-20T18:47:32.511,0.00001996,0.00009768,0.00063337,0.00027709
2026-04-20T18:47:32.512,0.00001323,0.00009768,0.00063337,0.00027709
2026-04-20T18:47:32.514,0.00001323,0.00009768,0.00063337,0.00027709
2026-04-20T18:47:32.515,0.00001323,0.00009768,0.00063363,0.00027709
2026-04-20T18:47:32.517,0.00001323,0.00009768,0.00063363,0.00027626
2026-04-20T18:47:32.518,0.00001323,0.00009843,0.00063363,0.00027626
2026-04-20T18:47:32.520,0.00001323,0.00009843,0.00063363,0.00027626
2026-04-20T18:47:32.521,0.00001317,0.00009843,0.00063363,0.00027626
2026-04-20T18:47:32.523,0.00001317,0.00009843,0.00063424,0.00027626
2026-04-20T18:47:32.524,0.00001317,0.00009843,0.00063424,0.00027720
2026-04-20T18:47:32.526,0.00001317,0.00009843,0.00063424,0.00027720
2026-04-20T18:47:32.527,0.00001317,0.00009953,0.00063424,0.00027720
2026-04-20T18:47:32.529,0.00001321,0.00009953,0.00063424,0.00027720
2026-04-20T18:47:32.530,0.00001321,0.00009953,0.00063452,0.00027720
2026-04-20T18:47:32.532,0.00001321,0.00009953,0.00063452,0.00027683
2026-04-20T18:47:32.534,0.00001321,0.00009953,0.00063452,0.00027683
2026-04-20T18:47:32.535,0.00001321,0.00010029,0.00063452,0.00027683
2026-04-20T18:47:32.537,0.00001323,0.00010029,0.00063452,0.00027683
2026-04-20T18:47:32.538,0.00001323,0.00010029,0.00063471,0.00027683
2026-04-20T18:47:32.540,0.00001323,0.00010029,0.00063471,0.00027683
2026-04-20T18:47:32.541,0.00001323,0.00010029,0.00063471,0.00027698
2026-04-20T18:47:32.543,0.00001323,0.00010081,0.00063471,0.00027698
2026-04-20T18:47:32.544,0.00001327,0.00010081,0.00063471,0.00027698
2026-04-20T18:47:32.546,0.00001327,0.00010081,0.00063538,0.00027698
2026-04-20T18:47:32.547,0.00001327,0.00010081,0.00063538,0.00027698
2026-04-20T18:47:32.549,0.00001327,0.00010081,0.00063538,0.00027707
2026-04-20T18:47:32.550,0.00001327,0.00010156,0.00063538,0.00027707
2026-04-20T18:47:32.552,0.00001327,0.00010156,0.00063538,0.00027707
2026-04-20T18:47:32.554,0.00001322,0.00010156,0.00063538,0.00027707
2026-04-20T18:47:32.555,0.00001322,0.00010156,0.00063628,0.00027707
2026-04-20T18:47:32.557,0.00001322,0.00010156,0.00063628,0.00027732
2026-04-20T18:47:32.558,0.00001322,0.00010313,0.00063628,0.00027732
2026-04-20T18:47:32.560,0.00001322,0.00010313,0.00063628,0.00027732
2026-04-20T18:47:32.561,0.00001321,0.00010313,0.00063628,0.00027732
2026-04-20T18:47:32.563,0.00001321,0.00010313,0.00063580,0.00027732
2026-04-20T18:47:32.564,0.00001321,0.00010313,0.00063580,0.00027844
2026-04-20T18:47:32.566,0.00001321,0.00010313,0.00063580,0.00027844
2026-04-20T18:47:32.567,0.00001321,0.00010419,0.00063580,0.00027844
2026-04-20T18:47:32.569,0.00001314,0.00010419,0.00063580,0.00027844
2026-04-20T18:47:32.570,0.00001314,0.00010419,0.00063615,0.00027844
2026-04-20T18:47:32.572,0.00001314,0.00010419,0.00063615,0.00027844
2026-04-20T18:47:32.573,0.00001314,0.00010419,0.00063615,0.00027855
2026-04-20T18:47:32.575,0.00001314,0.00010554,0.00063615,0.00027855
2026-04-20T18:47:32.576,0.00001321,0.00010554,0.00063615,0.00027855
2026-04-20T18:47:32.578,0.00001321,0.00010554,0.00063696,0.00027855
2026-04-20T18:47:32.580,0.00001321,0.00010554,0.00063696,0.00027855
2026-04-20T18:47:32.581,0.00001321,0.00010554,0.00063696,0.00027845
2026-04-20T18:47:32.583,0.00001321,0.00010679,0.00063696,0.00027845
2026-04-20T18:47:32.584,0.00001327,0.00010679,0.00063696,0.00027845
2026-04-20T18:47:32.586,0.00001327,0.00010679,0.00063696,0.00027845
2026-04-20T18:47:32.587,0.00001327,0.00010679,0.00063711,0.00027845
2026-04-20T18:47:32.589,0.00001327,0.00010679,0.00063711,0.00027872
2026-04-20T18:47:32.590,0.00001327,0.00010738,0.00063711,0.00027872
2026-04-20T18:47:32.592,0.00001327,0.00010738,0.00063711,0.00027872
2026-04-20T18:47:32.593,0.00001324,0.00010738,0.00063711,0.00027872
2026-04-20T18:47:32.595,0.00001324,0.00010738,0.00063714,0.00027872
2026-04-20T18:47:32.596,0.00001324,0.00010738,0.00063714,0.00027873
2026-04-20T18:47:32.598,0.00001324,0.00010738,0.00063714,0.00027873
2026-04-20T18:47:32.599,0.00001324,0.00010762,0.00063714,0.00027873
2026-04-20T18:47:32.601,0.00001319,0.00010762,0.00063714,0.00027873
2026-04-20T18:47:32.603,0.00001319,0.00010762,0.00063736,0.00027873
2026-04-20T18:47:32.604,0.00001319,0.00010762,0.00063736,0.00027887
2026-04-20T18:47:32.606,0.00001319,0.00010762,0.00063736,0.00027887
2026-04-20T18:47:32.607,0.00001319,0.00010842,0.00063736,0.00027887
2026-04-20T18:47:32.609,0.00001325,0.00010842,0.00063736,0.00027887
2026-04-20T18:47:32.610,0.00001325,0.00010842,0.00063769,0.00027887
2026-04-20T18:47:32.612,0.00001325,0.00010842,0.00063769,0.00027887
2026-04-20T18:47:32.613,0.00001325,0.00010842,0.00063769,0.00027877
2026-04-20T18:47:32.615,0.00001325,0.00010925,0.00063769,0.00027877
2026-04-20T18:47:32.616,0.00001321,0.00010925,0.00063769,0.00027877
2026-04-20T18:47:32.618,0.00001321,0.00010925,0.00063810,0.00027877
2026-04-20T18:47:32.619,0.00001321,0.00010925,0.00063810,0.00027877
2026-04-20T18:47:32.621,0.00001321,0.00010925,0.00063810,0.00028001
2026-04-20T18:47:32.622,0.00001321,0.00010951,0.00063810,0.00028001
2026-04-20T18:47:32.624,0.00001313,0.00010951,0.00063810,0.00028001
2026-04-20T18:47:32.626,0.00001313,0.00010951,0.00063810,0.00028001
2026-04-20T18:47:32.627,0.00001313,0.00010951,0.00063817,0.00028001
2026-04-20T18:47:32.629,0.00001313,0.00010951,0.00063817,0.00028008
2026-04-20T18:47:32.630,0.00001313,0.00011001,0.00063817,0.00028008
2026-04-20T18:47:32.632,0.00001313,0.00011001,0.00063817,0.00028008
2026-04-20T18:47:32.633,0.00001337,0.00011001,0.00063817,0.00028008
2026-04-20T18:47:32.635,0.00001337,0.00011001,0.00063857,0.00028008
2026-04-20T18:47:32.636,0.00001337,0.00011001,0.00063857,0.00027979
2026-04-20T18:47:32.638,0.00001337,0.00011001,0.00063857,0.00027979
2026-04-20T18:47:32.639,0.00001337,0.00011059,0.00063857,0.00027979
2026-04-20T18:47:32.641,0.00001325,0.00011059,0.00063857,0.00027979
2026-04-20T18:47:32.642,0.00001325,0.00011059,0.00063886,0.00027979
2026-04-20T18:47:32.644,0.00001325,0.00011059,0.00063886,0.00027979
2026-04-20T18:47:32.645,0.00001325,0.00011059,0.00063886,0.00028005
2026-04-20T18:47:32.647,0.00001325,0.00011207,0.00063886,0.00028005
2026-04-20T18:47:32.648,0.00001343,0.00011207,0.00063886,0.00028005
2026-04-20T18:47:32.650,0.00001343,0.00011207,0.00063873,0.00028005
2026-04-20T18:47:32.652,0.00001343,0.00011207,0.00063873,0.00028005
2026-04-20T18:47:32.653,0.00001343,0.00011207,0.00063873,0.00027936
2026-04-20T18:47:32.655,0.00001343,0.00011270,0.00063873,0.00027936
2026-04-20T18:47:32.656,0.00003874,0.00011270,0.00063873,0.00027936
2026-04-20T18:47:32.658,0.00003874,0.00011270,0.00063873,0.00027936
2026-04-20T18:47:32.659,0.00003874,0.00011270,0.00063917,0.00027936
2026-04-20T18:47:32.661,0.00003874,0.00011270,0.00063917,0.00028001
2026-04-20T18:47:32.662,0.00003874,0.00011399,0.00063917,0.00028001
2026-04-20T18:47:32.664,0.00003874,0.00011399,0.00063917,0.00028001
2026-04-20T18:47:32.665,0.00008633,0.00011399,0.00063917,0.00028001
2026-04-20T18:47:32.667,0.00008633,0.00011399,0.00063890,0.00028001
2026-04-20T18:47:32.668,0.00008633,0.00011399,0.00063890,0.00027927
2026-04-20T18:47:32.670,0.00008633,0.00011440,0.00063890,0.00027927
2026-04-20T18:47:32.672,0.00008633,0.00011440,0.00063890,0.00027927
2026-04-20T18:47:32.673,0.00005575,0.00011440,0.00063890,0.00027927
2026-04-20T18:47:32.675,0.00005575,0.00011440,0.00063913,0.00027927
2026-04-20T18:47:32.676,0.00005575,0.00011440,0.00063913,0.00027995
2026-04-20T18:47:32.678,0.00005575,0.00011440,0.00063913,0.00027995
2026-04-20T18:47:32.679,0.00005575,0.00011580,0.00063913,0.00027995
2026-04-20T18:47:32.681,0.00002870,0.00011580,0.00063913,0.00027995
2026-04-20T18:47:32.682,0.00002870,0.00011580,0.00063949,0.00027995
2026-04-20T18:47:32.684,0.00002870,0.00011580,0.00063949,0.00027995
2026-04-20T18:47:32.685,0.00002870,0.00011580,0.00063949,0.00027924
2026-04-20T18:47:32.687,0.00002870,0.00011525,0.00063949,0.00027924
2026-04-20T18:47:32.689,0.00001774,0.00011525,0.00063949,0.00027924
2026-04-20T18:47:32.690,0.00001774,0.00011525,0.00063990,0.00027924
2026-04-20T18:47:32.692,0.00001774,0.00011525,0.00063990,0.00027924
2026-04-20T18:47:32.693,0.00001774,0.00011525,0.00063990,0.00027999
2026-04-20T18:47:32.695,0.00001774,0.00011564,0.00063990,0.00027999
2026-04-20T18:47:32.696,0.00001395,0.00011564,0.00063990,0.00027999
2026-04-20T18:47:32.698,0.00001395,0.00011564,0.00063990,0.00027999
2026-04-20T18:47:32.699,0.00001395,0.00011564,0.00064010,0.00027999
2026-04-20T18:47:32.701,0.00001395,0.00011564,0.00064010,0.00027992
2026-04-20T18:47:32.702,0.00001395,0.00011561,0.00064010,0.00027992
2026-04-20T18:47:32.704,0.00001395,0.00011561,0.00064010,0.00027992
2026-04-20T18:47:32.705,0.00001326,0.00011561,0.00064010,0.00027992
2026-04-20T18:47:32.707,0.00001326,0.00011561,0.00064000,0.00027992
2026-04-20T18:47:32.708,0.00001326,0.00011561,0.00064000,0.00028048
2026-04-20T18:47:32.710,0.00001326,0.00011561,0.00064000,0.00028048
2026-04-20T18:47:32.711,0.00001326,0.00011648,0.00064000,0.00028048
2026-04-20T18:47:32.713,0.00001279,0.00011648,0.00064000,0.00028048
2026-04-20T18:47:32.715,0.00001279,0.00011648,0.00064017,0.00028048
2026-04-20T18:47:32.716,0.00001279,0.00011648,0.00064017,0.00028014
2026-04-20T18:47:32.718,0.00001279,0.00011648,0.00064017,0.00028014
2026-04-20T18:47:32.719,0.00001279,0.00011657,0.00064017,0.00028014
2026-04-20T18:47:32.721,0.00001347,0.00011657,0.00064017,0.00028014
2026-04-20T18:47:32.722,0.00001347,0.00011657,0.00064042,0.00028014
2026-04-20T18:47:32.724,0.00001347,0.00011657,0.00064042,0.00028014
2026-04-20T18:47:32.725,0.00001347,0.00011657,0.00064042,0.00028047
2026-04-20T18:47:32.727,0.00001347,0.00011770,0.00064042,0.00028047
2026-04-20T18:47:32.728,0.00001328,0.00011770,0.00064042,0.00028047
2026-04-20T18:47:32.730,0.00001328,0.00011770,0.00064042,0.00028047
2026-04-20T18:47:32.731,0.00001328,0.00011770,0.00064083,0.00028047
2026-04-20T18:47:32.733,0.00001328,0.00011770,0.00064083,0.00028141
2026-04-20T18:47:32.734,0.00001328,0.00011743,0.00064083,0.00028141
2026-04-20T18:47:32.736,0.00001328,0.00011743,0.00064083,0.00028141
2026-04-20T18:47:32.737,0.00001307,0.00011743,0.00064083,0.00028141
2026-04-20T18:47:32.739,0.00001307,0.00011743,0.00064165,0.00028141
2026-04-20T18:47:32.741,0.00001307,0.00011743,0.00064165,0.00028201
2026-04-20T18:47:32.742,0.00001307,0.00011749,0.00064165,0.00028201
2026-04-20T18:47:32.744,0.00001307,0.00011749,0.00064165,0.00028201
2026-04-20T18:47:32.745,0.00001353,0.00011749,0.00064165,0.00028201
2026-04-20T18:47:32.747,0.00001353,0.00011749,0.00064170,0.00028201
2026-04-20T18:47:32.748,0.00001353,0.00011749,0.00064170,0.00028297
2026-04-20T18:47:32.750,0.00001353,0.00011749,0.00064170,0.00028297
2026-04-20T18:47:32.751,0.00001353,0.00011807,0.00064170,0.00028297
2026-04-20T18:47:32.753,0.00001325,0.00011807,0.00064170,0.00028297
2026-04-20T18:47:32.754,0.00001325,0.00011807,0.00064203,0.00028297
2026-04-20T18:47:32.756,0.00001325,0.00011807,0.00064203,0.00028297
2026-04-20T18:47:32.757,0.00001325,0.00011807,0.00064203,0.00028373
2026-04-20T18:47:32.759,0.00001325,0.00011836,0.00064203,0.00028373
2026-04-20T18:47:32.760,0.00001309,0.00011836,0.00064203,0.00028373
2026-04-20T18:47:32.762,0.00001309,0.00011836,0.00064223,0.00028373
2026-04-20T18:47:32.764,0.00001309,0.00011836,0.00064223,0.00028373
2026-04-20T18:47:32.765,0.00001309,0.00011836,0.00064223,0.00028358
2026-04-20T18:47:32.767,0.00001309,0.00011838,0.00064223,0.00028358
2026-04-20T18:47:32.768,0.00001329,0.00011838,0.00064223,0.00028358
2026-04-20T18:47:32.770,0.00001329,0.00011838,0.00064223,0.00028358
2026-04-20T18:47:32.771,0.00001329,0.00011838,0.00064262,0.00028358
2026-04-20T18:47:32.773,0.00001329,0.00011838,0.00064262,0.00028375
2026-04-20T18:47:32.774,0.00001329,0.00011833,0.00064262,0.00028375
2026-04-20T18:47:32.776,0.00001329,0.00011833,0.00064262,0.00028375
2026-04-20T18:47:32.777,0.00001326,0.00011833,0.00064262,0.00028375
2026-04-20T18:47:32.779,0.00001326,0.00011833,0.00064278,0.00028375
2026-04-20T18:47:32.780,0.00001326,0.00011833,0.00064278,0.00028485
2026-04-20T18:47:32.782,0.00001326,0.00011833,0.00064278,0.00028485
2026-04-20T18:47:32.783,0.00001326,0.00011847,0.00064278,0.00028485
2026-04-20T18:47:32.785,0.00001304,0.00011847,0.00064278,0.00028485
2026-04-20T18:47:32.786,0.00001304,0.00011847,0.00064292,0.00028485
2026-04-20T18:47:32.788,0.00001304,0.00011847,0.00064292,0.00028501
2026-04-20T18:47:32.790,0.00001304,0.00011847,0.00064292,0.00028501
2026-04-20T18:47:32.791,0.00001304,0.00011948,0.00064292,0.00028501
2026-04-20T18:47:32.793,0.00001301,0.00011948,0.00064292,0.00028501
2026-04-20T18:47:32.794,0.00001301,0.00011948,0.00064303,0.00028501
2026-04-20T18:47:32.796,0.00001301,0.00011948,0.00064303,0.00028501
2026-04-20T18:47:32.797,0.00001301,0.00011948,0.00064303,0.00028466
2026-04-20T18:47:32.799,0.00001301,0.00011953,0.00064303,0.00028466
2026-04-20T18:47:32.800,0.00001343,0.00011953,0.00064303,0.00028466
2026-04-20T18:47:32.802,0.00001343,0.00011953,0.00064303,0.00028466
2026-04-20T18:47:32.803,0.00001343,0.00011953,0.00064292,0.00028466
2026-04-20T18:47:32.805,0.00001343,0.00011953,0.00064292,0.00028493
2026-04-20T18:47:32.806,0.00001343,0.00011938,0.00064292,0.00028493
2026-04-20T18:47:32.808,0.00001343,0.00011938,0.00064292,0.00028493
2026-04-20T18:47:32.809,0.00001307,0.00011938,0.00064292,0.00028493
2026-04-20T18:47:32.811,0.00001307,0.00011938,0.00064356,0.00028493
2026-04-20T18:47:32.813,0.00001307,0.00011938,0.00064356,0.00028475
2026-04-20T18:47:32.814,0.00001307,0.00011955,0.00064356,0.00028475
2026-04-20T18:47:32.816,0.00001307,0.00011955,0.00064356,0.00028475
2026-04-20T18:47:32.817,0.00001335,0.00011955,0.00064356,0.00028475
2026-04-20T18:47:32.819,0.00001335,0.00011955,0.00064354,0.00028475
2026-04-20T18:47:32.820,0.00001335,0.00011955,0.00064354,0.00028453
2026-04-20T18:47:32.822,0.00001335,0.00011955,0.00064354,0.00028453
2026-04-20T18:47:32.823,0.00001335,0.00011969,0.00064354,0.00028453
2026-04-20T18:47:32.825,0.00001840,0.00011969,0.00064354,0.00028453
2026-04-20T18:47:32.826,0.00001840,0.00011969,0.00064376,0.00028453
2026-04-20T18:47:32.828,0.00001840,0.00011969,0.00064376,0.00028453
2026-04-20T18:47:32.829,0.00001840,0.00011969,0.00064376,0.00028447
2026-04-20T18:47:32.831,0.00001840,0.00011966,0.00064376,0.00028447
2026-04-20T18:47:32.832,0.00004099,0.00011966,0.00064376,0.00028447
2026-04-20T18:47:32.834,0.00004099,0.00011966,0.00064390,0.00028447
2026-04-20T18:47:32.835,0.00004099,0.00011966,0.00064390,0.00028447
2026-04-20T18:47:32.837,0.00004099,0.00011966,0.00064390,0.00028542
2026-04-20T18:47:32.839,0.00004099,0.00012029,0.00064390,0.00028542
2026-04-20T18:47:32.840,0.00007457,0.00012029,0.00064390,0.00028542
2026-04-20T18:47:32.842,0.00007457,0.00012029,0.00064390,0.00028542
2026-04-20T18:47:32.843,0.00007457,0.00012029,0.00064387,0.00028542
2026-04-20T18:47:32.845,0.00007457,0.00012029,0.00064387,0.00028593
2026-04-20T18:47:32.846,0.00007457,0.00012054,0.00064387,0.00028593
2026-04-20T18:47:32.848,0.00007457,0.00012054,0.00064387,0.00028593
2026-04-20T18:47:32.849,0.00005311,0.00012054,0.00064387,0.00028593
2026-04-20T18:47:32.851,0.00005311,0.00012054,0.00064538,0.00028593
2026-04-20T18:47:32.852,0.00005311,0.00012054,0.00064538,0.00028559
2026-04-20T18:47:32.854,0.00005311,0.00012054,0.00064538,0.00028559
2026-04-20T18:47:32.855,0.00005311,0.00012003,0.00064538,0.00028559
2026-04-20T18:47:32.857,0.00003067,0.00012003,0.00064538,0.00028559
2026-04-20T18:47:32.858,0.00003067,0.00012003,0.00064562,0.00028559
2026-04-20T18:47:32.860,0.00003067,0.00012003,0.00064562,0.00028559
2026-04-20T18:47:32.861,0.00003067,0.00012003,0.00064562,0.00028596
2026-04-20T18:47:32.863,0.00003067,0.00012031,0.00064562,0.00028596
2026-04-20T18:47:32.864,0.00002053,0.00012031,0.00064562,0.00028596
2026-04-20T18:47:32.866,0.00002053,0.00012031,0.00064606,0.00028596
2026-04-20T18:47:32.868,0.00002053,0.00012031,0.00064606,0.00028596
2026-04-20T18:47:32.869,0.00002053,0.00012031,0.00064606,0.00028524
2026-04-20T18:47:32.871,0.00002053,0.00012069,0.00064606,0.00028524
2026-04-20T18:47:32.872,0.00001584,0.00012069,0.00064606,0.00028524
2026-04-20T18:47:32.874,0.00001584,0.00012069,0.00064606,0.00028524
2026-04-20T18:47:32.875,0.00001584,0.00012069,0.00064639,0.00028524
2026-04-20T18:47:32.877,0.00001584,0.00012069,0.00064639,0.00028582
2026-04-20T18:47:32.878,0.00001584,0.00012093,0.00064639,0.00028582
2026-04-20T18:47:32.880,0.00001584,0.00012093,0.00064639,0.00028582
2026-04-20T18:47:32.881,0.00001403,0.00012093,0.00064639,0.00028582
2026-04-20T18:47:32.883,0.00001403,0.00012093,0.00064680,0.00028582
2026-04-20T18:47:32.884,0.00001403,0.00012093,0.00064680,0.00028696
2026-04-20T18:47:32.886,0.00001403,0.00012093,0.00064680,0.00028696
2026-04-20T18:47:32.887,0.00001403,0.00012089,0.00064680,0.00028696
2026-04-20T18:47:32.889,0.00001325,0.00012089,0.00064680,0.00028696
2026-04-20T18:47:32.891,0.00001325,0.00012089,0.00064682,0.00028696
2026-04-20T18:47:32.892,0.00001325,0.00012089,0.00064682,0.00028750
2026-04-20T18:47:32.894,0.00001325,0.00012089,0.00064682,0.00028750
2026-04-20T18:47:32.895,0.00001325,0.00012149,0.00064682,0.00028750
2026-04-20T18:47:32.897,0.00001332,0.00012149,0.00064682,0.00028750
2026-04-20T18:47:32.898,0.00001332,0.00012149,0.00064676,0.00028750
2026-04-20T18:47:32.900,0.00001332,0.00012149,0.00064676,0.00028750
2026-04-20T18:47:32.901,0.00001332,0.00012149,0.00064676,0.00028677
2026-04-20T18:47:32.903,0.00001332,0.00012117,0.00064676,0.00028677
2026-04-20T18:47:32.904,0.00001323,0.00012117,0.00064676,0.00028677
2026-04-20T18:47:32.906,0.00001323,0.00012117,0.00064676,0.00028677
2026-04-20T18:47:32.907,0.00001323,0.00012117,0.00064711,0.00028677
2026-04-20T18:47:32.909,0.00001323,0.00012117,0.00064711,0.00028704
2026-04-20T18:47:32.910,0.00001323,0.00012127,0.00064711,0.00028704
2026-04-20T18:47:32.912,0.00001309,0.00012127,0.00064711,0.00028704
2026-04-20T18:47:32.913,0.00001309,0.00012127,0.00064711,0.00028704
2026-04-20T18:47:32.915,0.00001309,0.00012127,0.00064720,0.00028704
2026-04-20T18:47:32.917,0.00001309,0.00012127,0.00064720,0.00028619
2026-04-20T18:47:32.918,0.00001309,0.00012120,0.00064720,0.00028619
2026-04-20T18:47:32.920,0.00001309,0.00012120,0.00064720,0.00028619
2026-04-20T18:47:32.921,0.00001337,0.00012120,0.00064720,0.00028619
2026-04-20T18:47:32.923,0.00001337,0.00012120,0.00064714,0.00028619
2026-04-20T18:47:32.924,0.00001337,0.00012120,0.00064714,0.00028784
2026-04-20T18:47:32.926,0.00001337,0.00012120,0.00064714,0.00028784
2026-04-20T18:47:32.927,0.00001337,0.00012160,0.00064714,0.00028784
2026-04-20T18:47:32.929,0.00001325,0.00012160,0.00064714,0.00028784
2026-04-20T18:47:32.930,0.00001325,0.00012160,0.00064824,0.00028784
2026-04-20T18:47:32.932,0.00001325,0.00012160,0.00064824,0.00028784
2026-04-20T18:47:32.933,0.00001325,0.00012160,0.00064824,0.00028900
2026-04-20T18:47:32.935,0.00001325,0.00012160,0.00064824,0.00028900
2026-04-20T18:47:32.937,0.00001299,0.00012160,0.00064824,0.00028900
2026-04-20T18:47:32.938,0.00001299,0.00012160,0.00064832,0.00028900
2026-04-20T18:47:32.940,0.00001299,0.00012160,0.00064832,0.00028900
2026-04-20T18:47:32.941,0.00001299,0.00012160,0.00064832,0.00028928
2026-04-20T18:47:32.943,0.00001299,0.00012207,0.00064832,0.00028928
2026-04-20T18:47:32.944,0.00001308,0.00012207,0.00064832,0.00028928
2026-04-20T18:47:32.946,0.00001308,0.00012207,0.00064832,0.00028928
2026-04-20T18:47:32.947,0.00001308,0.00012207,0.00064882,0.00028928
2026-04-20T18:47:32.949,0.00001308,0.00012207,0.00064882,0.00029059
2026-04-20T18:47:32.950,0.00001308,0.00012194,0.00064882,0.00029059
2026-04-20T18:47:32.952,0.00001308,0.00012194,0.00064882,0.00029059
2026-04-20T18:47:32.953,0.00001316,0.00012194,0.00064882,0.00029059
2026-04-20T18:47:32.955,0.00001316,0.00012194,0.00064843,0.00029059
2026-04-20T18:47:32.956,0.00001316,0.00012194,0.00064843,0.00029076
2026-04-20T18:47:32.958,0.00001316,0.00012261,0.00064843,0.00029076
2026-04-20T18:47:32.960,0.00001316,0.00012261,0.00064843,0.00029076
2026-04-20T18:47:32.961,0.00001317,0.00012261,0.00064843,0.00029076
2026-04-20T18:47:32.963,0.00001317,0.00012261,0.00064900,0.00029076
2026-04-20T18:47:32.964,0.00001317,0.00012261,0.00064900,0.00029014
2026-04-20T18:47:32.966,0.00001317,0.00012261,0.00064900,0.00029014
2026-04-20T18:47:32.967,0.00001317,0.00012228,0.00064900,0.00029014
2026-04-20T18:47:32.969,0.00001313,0.00012228,0.00064900,0.00029014
2026-04-20T18:47:32.970,0.00001313,0.00012228,0.00064887,0.00029014
2026-04-20T18:47:32.972,0.00001313,0.00012228,0.00064887,0.00029014
2026-04-20T18:47:32.973,0.00001313,0.00012228,0.00064887,0.00029203
2026-04-20T18:47:32.975,0.00001313,0.00012392,0.00064887,0.00029203
2026-04-20T18:47:32.976,0.00001342,0.00012392,0.00064887,0.00029203
2026-04-20T18:47:32.978,0.00001342,0.00012392,0.00064854,0.00029203
2026-04-20T18:47:32.980,0.00001342,0.00012392,0.00064854,0.00029203
2026-04-20T18:47:32.981,0.00001342,0.00012392,0.00064854,0.00029173
2026-04-20T18:47:32.983,0.00001342,0.00012555,0.00064854,0.00029173
2026-04-20T18:47:32.984,0.00001304,0.00012555,0.00064854,0.00029173
2026-04-20T18:47:32.986,0.00001304,0.00012555,0.00064854,0.00029173
2026-04-20T18:47:32.987,0.00001304,0.00012555,0.00064868,0.00029173
2026-04-20T18:47:32.989,0.00001304,0.00012555,0.00064868,0.00029169
2026-04-20T18:47:32.990,0.00001304,0.00012543,0.00064868,0.00029169
2026-04-20T18:47:32.992,0.00001304,0.00012543,0.00064868,0.00029169
2026-04-20T18:47:32.993,0.00001330,0.00012543,0.00064868,0.00029169
2026-04-20T18:47:32.995,0.00001330,0.00012543,0.00064860,0.00029169
2026-04-20T18:47:32.996,0.00001330,0.00012543,0.00064860,0.00029142
2026-04-20T18:47:32.998,0.00001330,0.00012543,0.00064860,0.00029142
2026-04-20T18:47:32.999,0.00001330,0.00012711,0.00064860,0.00029142
2026-04-20T18:47:33.001,0.00001302,0.00012711,0.00064860,0.00029142
2026-04-20T18:47:33.003,0.00001302,0.00012711,0.00064886,0.00029142
2026-04-20T18:47:33.004,0.00001302,0.00012711,0.00064886,0.00029159
2026-04-20T18:47:33.006,0.00001302,0.00012711,0.00064886,0.00029159
2026-04-20T18:47:33.007,0.00001302,0.00012726,0.00064886,0.00029159
2026-04-20T18:47:33.009,0.00002095,0.00012726,0.00064886,0.00029159
2026-04-20T18:47:33.010,0.00002095,0.00012726,0.00064902,0.00029159
2026-04-20T18:47:33.012,0.00002095,0.00012726,0.00064902,0.00029159
2026-04-20T18:47:33.013,0.00002095,0.00012726,0.00064902,0.00029122
2026-04-20T18:47:33.015,0.00002095,0.00012741,0.00064902,0.00029122
2026-04-20T18:47:33.016,0.00004970,0.00012741,0.00064902,0.00029122
2026-04-20T18:47:33.018,0.00004970,0.00012741,0.00064903,0.00029122
2026-04-20T18:47:33.019,0.00004970,0.00012741,0.00064903,0.00029122
2026-04-20T18:47:33.021,0.00004970,0.00012741,0.00064903,0.00029098
2026-04-20T18:47:33.022,0.00004970,0.00012699,0.00064903,0.00029098
2026-04-20T18:47:33.024,0.00008214,0.00012699,0.00064903,0.00029098
2026-04-20T18:47:33.026,0.00008214,0.00012699,0.00064903,0.00029098
2026-04-20T18:47:33.027,0.00008214,0.00012699,0.00064957,0.00029098
2026-04-20T18:47:33.029,0.00008214,0.00012699,0.00064957,0.00029182
2026-04-20T18:47:33.030,0.00008214,0.00012691,0.00064957,0.00029182
2026-04-20T18:47:33.032,0.00008214,0.00012691,0.00064957,0.00029182
2026-04-20T18:47:33.033,0.00004435,0.00012691,0.00064957,0.00029182
2026-04-20T18:47:33.035,0.00004435,0.00012691,0.00064952,0.00029182
2026-04-20T18:47:33.036,0.00004435,0.00012691,0.00064952,0.00029295
2026-04-20T18:47:33.038,0.00004435,0.00012691,0.00064952,0.00029295
2026-04-20T18:47:33.039,0.00004435,0.00012722,0.00064952,0.00029295
2026-04-20T18:47:33.041,0.00002607,0.00012722,0.00064952,0.00029295
2026-04-20T18:47:33.042,0.00002607,0.00012722,0.00065000,0.00029295
2026-04-20T18:47:33.044,0.00002607,0.00012722,0.00065000,0.00029482
2026-04-20T18:47:33.045,0.00002607,0.00012722,0.00065000,0.00029482
2026-04-20T18:47:33.047,0.00002607,0.00012766,0.00065000,0.00029482
2026-04-20T18:47:33.049,0.00001728,0.00012766,0.00065000,0.00029482
2026-04-20T18:47:33.050,0.00001728,0.00012766,0.00064984,0.00029482
2026-04-20T18:47:33.052,0.00001728,0.00012766,0.00064984,0.00029482
2026-04-20T18:47:33.053,0.00001728,0.00012766,0.00064984,0.00029521
2026-04-20T18:47:33.055,0.00001728,0.00012760,0.00064984,0.00029521
2026-04-20T18:47:33.056,0.00001402,0.00012760,0.00064984,0.00029521
2026-04-20T18:47:33.058,0.00001402,0.00012760,0.00064984,0.00029521
2026-04-20T18:47:33.059,0.00001402,0.00012760,0.00064986,0.00029521
2026-04-20T18:47:33.061,0.00001402,0.00012760,0.00064986,0.00029689
2026-04-20T18:47:33.062,0.00001402,0.00012778,0.00064986,0.00029689
2026-04-20T18:47:33.064,0.00001402,0.00012778,0.00064986,0.00029689
2026-04-20T18:47:33.065,0.00001337,0.00012778,0.00064986,0.00029689
2026-04-20T18:47:33.067,0.00001337,0.00012778,0.00064994,0.00029689
2026-04-20T18:47:33.069,0.00001337,0.00012778,0.00064994,0.00029601
2026-04-20T18:47:33.070,0.00001337,0.00012763,0.00064994,0.00029601
2026-04-20T18:47:33.072,0.00001337,0.00012763,0.00064994,0.00029601
2026-04-20T18:47:33.073,0.00001296,0.00012763,0.00064994,0.00029601
2026-04-20T18:47:33.075,0.00001296,0.00012763,0.00064986,0.00029601
2026-04-20T18:47:33.076,0.00001296,0.00012763,0.00064986,0.00029796
2026-04-20T18:47:33.078,0.00001296,0.00012763,0.00064986,0.00029796
2026-04-20T18:47:33.079,0.00001296,0.00012775,0.00064986,0.00029796
2026-04-20T18:47:33.081,0.00001341,0.00012775,0.00064986,0.00029796
2026-04-20T18:47:33.082,0.00001341,0.00012775,0.00064991,0.00029796
2026-04-20T18:47:33.084,0.00001341,0.00012775,0.00064991,0.00029846
2026-04-20T18:47:33.086,0.00001341,0.00012775,0.00064991,0.00029846
2026-04-20T18:47:33.087,0.00001341,0.00012778,0.00064991,0.00029846
2026-04-20T18:47:33.089,0.00001330,0.00012778,0.00064991,0.00029846
2026-04-20T18:47:33.090,0.00001330,0.00012778,0.00065112,0.00029846
2026-04-20T18:47:33.092,0.00001330,0.00012778,0.00065112,0.00029846
2026-04-20T18:47:33.093,0.00001330,0.00012778,0.00065112,0.00030016
2026-04-20T18:47:33.095,0.00001330,0.00012879,0.00065112,0.00030016
2026-04-20T18:47:33.096,0.00001304,0.00012879,0.00065112,0.00030016
2026-04-20T18:47:33.098,0.00001304,0.00012879,0.00065112,0.00030016
2026-04-20T18:47:33.099,0.00001304,0.00012879,0.00065132,0.00030016
2026-04-20T18:47:33.101,0.00001304,0.00012879,0.00065132,0.00029956
2026-04-20T18:47:33.102,0.00001304,0.00012855,0.00065132,0.00029956
2026-04-20T18:47:33.104,0.00001304,0.00012855,0.00065132,0.00029956
2026-04-20T18:47:33.105,0.00001320,0.00012855,0.00065132,0.00029956
2026-04-20T18:47:33.107,0.00001320,0.00012855,0.00065153,0.00029956
2026-04-20T18:47:33.108,0.00001320,0.00012855,0.00065153,0.00030104
2026-04-20T18:47:33.110,0.00001320,0.00012880,0.00065153,0.00030104
2026-04-20T18:47:33.112,0.00001320,0.00012880,0.00065153,0.00030104
2026-04-20T18:47:33.113,0.00001334,0.00012880,0.00065153,0.00030104
2026-04-20T18:47:33.115,0.00001334,0.00012880,0.00065122,0.00030104
2026-04-20T18:47:33.116,0.00001334,0.00012880,0.00065122,0.00030044
2026-04-20T18:47:33.118,0.00001334,0.00012880,0.00065122,0.00030044
2026-04-20T18:47:33.119,0.00001334,0.00012917,0.00065122,0.00030044
2026-04-20T18:47:33.121,0.00001329,0.00012917,0.00065122,0.00030044
2026-04-20T18:47:33.122,0.00001329,0.00012917,0.00065109,0.00030044
2026-04-20T18:47:33.124,0.00001329,0.00012917,0.00065109,0.00030044
2026-04-20T18:47:33.125,0.00001329,0.00012917,0.00065109,0.00030216
2026-04-20T18:47:33.127,0.00001329,0.00012935,0.00065109,0.00030216
2026-04-20T18:47:33.128,0.00001300,0.00012935,0.00065109,0.00030216
2026-04-20T18:47:33.130,0.00001300,0.00012935,0.00065109,0.00030216
2026-04-20T18:47:33.131,0.00001300,0.00012935,0.00065234,0.00030216
2026-04-20T18:47:33.133,0.00001300,0.00012935,0.00065234,0.00030155
2026-04-20T18:47:33.135,0.00001300,0.00012910,0.00065234,0.00030155
2026-04-20T18:47:33.136,0.00001323,0.00012910,0.00065234,0.00030155
2026-04-20T18:47:33.138,0.00001323,0.00012910,0.00065234,0.00030155
2026-04-20T18:47:33.139,0.00001323,0.00012910,0.00065232,0.00030155
2026-04-20T18:47:33.141,0.00001323,0.00012910,0.00065232,0.00030321
2026-04-20T18:47:33.142,0.00001323,0.00013098,0.00065232,0.00030321
2026-04-20T18:47:33.144,0.00001323,0.00013098,0.00065232,0.00030321
2026-04-20T18:47:33.145,0.00001328,0.00013098,0.00065232,0.00030321
2026-04-20T18:47:33.147,0.00001328,0.00013098,0.00065369,0.00030321
2026-04-20T18:47:33.148,0.00001328,0.00013098,0.00065369,0.00030382
2026-04-20T18:47:33.150,0.00001328,0.00013098,0.00065369,0.00030382
2026-04-20T18:47:33.151,0.00001328,0.00013096,0.00065369,0.00030382
2026-04-20T18:47:33.153,0.00001328,0.00013096,0.00065369,0.00030382
2026-04-20T18:47:33.154,0.00001328,0.00013096,0.00065491,0.00030382
2026-04-20T18:47:33.156,0.00001328,0.00013096,0.00065491,0.00030523
2026-04-20T18:47:33.158,0.00001328,0.00013096,0.00065491,0.00030523
